municipality,slug,role,name,email,phone,appearances,source_files
Aberdeen,aberdeen,Mayor,Fred Tagliarini,,732-583-4200 ext. 382,1,_Minutes_Aberdeen.pdf; comet
Aberdeen,aberdeen,Deputy Mayor,"Joseph J. Martucci, Sr.",,732-583-4200 ext. 336,0,comet
Aberdeen,aberdeen,Township Clerk,Melissa Pfeifer,,732-583-4200 ext. 119,0,comet
Aberdeen,aberdeen,Township Manager,Bryan Russell,Bryan.Russell@aberdeennj.org,732-583-4200 ext. 118,1,_Minutes_Aberdeen.pdf; comet
Aberdeen,aberdeen,Township Attorney,Joe Decotiis,,,1,_Minutes_Aberdeen.pdf
Aberdeen,aberdeen,Councilman,Arthur Hirsch,,732-583-4200 ext. 334,0,comet
Aberdeen,aberdeen,Councilwoman,Concetta B. Kelley,,732-583-4200 ext. 333,0,comet
Aberdeen,aberdeen,Councilman,Greg Cannon,,732-583-4200 ext. 331,0,comet
Aberdeen,aberdeen,Councilwoman,Margaret Montone,,732-583-4200 ext. 335,0,comet
Aberdeen,aberdeen,Councilman,Robert L. Swindle,,732-583-4200 ext. 332,0,comet
Aberdeen,aberdeen,Council Member (Absent),Joe Martucci,,,1,_Minutes_Aberdeen.pdf
Beachwood,beachwood,Mayor,William J. Cairns,,732-286-6000 Ext. 214,0,comet
Beachwood,beachwood,Borough Clerk,Sue Minock,sminock@beachwoodusa.com,732-286-6000 Ext. 213,0,comet
Beachwood,beachwood,Council Member,Dan Santos,,732-286-6000,1,_Agenda_Beachwood.pdf; comet
Beachwood,beachwood,Council Member,Edward Zakar,,732-286-6000,0,comet
Beachwood,beachwood,Council Member,Gerald LaCrosse,,732-286-6000,1,_Agenda_Beachwood.pdf; comet
Beachwood,beachwood,Council Member,John P. Farro,,732-286-6000,1,_Agenda_Beachwood.pdf; comet
Beachwood,beachwood,Council Member,Steven Komsa,,732-286-6000,1,_Agenda_Beachwood.pdf; comet
Beachwood,beachwood,Council Member,Thomas Prince,,732-286-6000,1,_Agenda_Beachwood.pdf; comet
Clifton,clifton,Mayor,Raymond Grabowski,rgrabowski@cliftonnj.org,973-470-5800,0,comet
Clifton,clifton,City Manager,Gary S. DeMarzo,gdemarzo@cliftonnj.org,973-470-5854,0,comet
Clifton,clifton,Staff,Michele Butler,,,1,_Minutes_Clifton.pdf
Cranford,cranford,Mayor,Kathleen Miller Prunty,k-prunty@cranfordnj.org,908-709-7206,1,_Agenda_Cranford.pdf; comet
Cranford,cranford,Deputy Mayor,Paul A. Gallo,p-gallo@cranfordnj.org,908-709-7206,1,_Agenda_Cranford.pdf; comet
Cranford,cranford,Township Clerk,Patty Donahue,,908-709-7210,0,comet
Cranford,cranford,Township Administrator,Lavona Patterson,l-patterson@cranfordnj.org,908-709-7205,0,comet
Cranford,cranford,Township Attorney,Thomas Slattery,tom@cooperllc.com,,1,_Agenda_Cranford.pdf; comet
Cranford,cranford,Council Member,Brian Andrews,b-andrews@cranfordnj.org,908-709-7206,1,_Agenda_Cranford.pdf; comet
Cranford,cranford,Council Member,Gina Black,g-black@cranfordnj.org,908-709-7206,1,_Agenda_Cranford.pdf; comet
Cranford,cranford,Council Member,Terrence Curran,t-curran@cranfordnj.org,(908) 709-7200,1,_Agenda_Cranford.pdf; comet
East Brunswick,east_brunswick,Mayor,Brad J. Cohen,mayor@eastbrunswick.org,732-390-6810,0,comet
East Brunswick,east_brunswick,Council President,Dana Zimbicki,towncouncil@eastbrunswick.org,732-390-6850,0,comet
East Brunswick,east_brunswick,Township Clerk,Loren Morace,lmorace@eastbrunswick.org,732-390-6850,0,comet
East Brunswick,east_brunswick,Business Administrator,Joseph Criscuolo,jcriscuolo@eastbrunswick.org,732-390-6810,0,comet
East Brunswick,east_brunswick,Township Attorney,Anthony Aayakoka,,,0,comet
East Brunswick,east_brunswick,Council Member,Amy Papi,,,1,_Minutes_East_Brunswick.pdf
East Brunswick,east_brunswick,Council Member,Chester Brandt,,,1,_Minutes_East_Brunswick.pdf
East Brunswick,east_brunswick,Council Member,Christine Rampolla,,,1,_Minutes_East_Brunswick.pdf
East Brunswick,east_brunswick,Council Member,Dana Winston,towncouncil@eastbrunswick.org,732-390-6850,0,comet
East Brunswick,east_brunswick,Council Member,Deepak Arora,,,1,_Minutes_East_Brunswick.pdf
East Brunswick,east_brunswick,Council Member,Dinesh Behal,towncouncil@eastbrunswick.org,732-390-6850,0,comet
East Brunswick,east_brunswick,Council Member,Drew Weingarth,,,1,_Minutes_East_Brunswick.pdf
East Brunswick,east_brunswick,Council Member,James Wendell,towncouncil@eastbrunswick.org,732-390-6850,0,comet
East Brunswick,east_brunswick,Council Member,Kevin McEvoy,towncouncil@eastbrunswick.org,732-390-6850,0,comet
East Brunswick,east_brunswick,Council Member,Leon Gurevich,,,1,_Minutes_East_Brunswick.pdf
East Brunswick,east_brunswick,Council Member,Steve Philips,,,1,_Minutes_East_Brunswick.pdf
East Brunswick,east_brunswick,Staff,Jay Weiner,,,1,_Minutes_East_Brunswick.pdf
East Brunswick,east_brunswick,Council Member (Absent),Steve Pepe,,,1,_Minutes_East_Brunswick.pdf
Englewood,englewood,Council Member,Paris Myers,,,1,_Agenda_Englewood.pdf
Englewood,englewood,Staff,"Douglas M. Bern, Esq",,,1,_Agenda_Englewood.pdf
Florence,florence-nj,Mayor,Kristan I. Marter,,,1,11-12-25-Regular.pdf.pdf
Florence,florence-nj,Township Clerk,Nancy L. Erlston,,,1,11-12-25-Regular.pdf.pdf
Florence,florence-nj,Township Administrator,Thomas A. Sahol,,,1,11-12-25-Regular.pdf.pdf
Florence,florence-nj,Staff,Thomas J,,,1,11-12-25-Regular.pdf.pdf
Florence,florence-nj,Council Member (Absent),Frank Baldorossi,,,2,11-12-25-Regular.pdf.pdf; 11-5-25-Regular.pdf.pdf
Florence,florence-nj,Council Member (Present),Frederick Gabriele,,,1,3-18-26-Regular.pdf.pdf
Florence,florence-nj,Council Member (Present),Gina Sullivan,,,1,3-18-26-Regular.pdf.pdf
Florence,florence-nj,Council Member (Present),John Fratinardo,,,1,11-12-25-Regular.pdf.pdf
Florence,florence-nj,Council Member (Present),Joseph Frappolli,,,1,11-12-25-Regular.pdf.pdf
Florence,florence-nj,Council Member (Present),Nicholas Haas,,,1,11-12-25-Regular.pdf.pdf
Florence,florence-nj,Council Member (Present),Talaya Loftin,,,1,11-12-25-Regular.pdf.pdf
Haddon Township,haddontwp,Council Member,Amanda Vile,,,1,2025_EnviroComm-Minutes_February-mtg.pdf.pdf
Haddon Township,haddontwp,Council Member,Amanda Vile-Sickler,,,1,2025_EnviroComm-Minutes_April-mtg.pdf.pdf
Haddon Township,haddontwp,Council Member,Cara Weismann,,,1,2025_EnviroComm-Minutes_April-mtg.pdf.pdf
Haddon Township,haddontwp,Council Member,Chris Martin,,,1,2025_EnviroComm-Minutes_April-mtg.pdf.pdf
Haddon Township,haddontwp,Council Member,Christopher Martin,,,1,2025_EnviroComm-Minutes_March-mtg.pdf.pdf
Haddon Township,haddontwp,Council Member,Christopher Squazzo,,,2,2025_EnviroComm-Minutes_April-mtg.pdf.pdf; 2025_EnviroComm-Minutes_February-mtg.pdf.pdf
Haddon Township,haddontwp,Council Member,Frank Ryan,,,2,April-3-2025.pdf.pdf; May-1-2025-1.pdf.pdf
Haddon Township,haddontwp,Council Member,Greg Fusco,,,1,m01272026-APPROVED.pdf.pdf
Haddon Township,haddontwp,Council Member,James Stevenson,,,2,April-3-2025.pdf.pdf; May-1-2025-1.pdf.pdf
Haddon Township,haddontwp,Council Member,Joe Buono,,,2,April-3-2025.pdf.pdf; May-1-2025-1.pdf.pdf
Haddon Township,haddontwp,Council Member,John Foley,,,1,April-3-2025.pdf.pdf
Haddon Township,haddontwp,Council Member,Justin Strausser,,,1,m01272026-APPROVED.pdf.pdf
Haddon Township,haddontwp,Council Member,Kate Burns,,,1,m11252025.pdf.pdf
Haddon Township,haddontwp,Council Member,Kristian Hill,,,2,2025_EnviroComm-Minutes_April-mtg.pdf.pdf; 2025_EnviroComm-Minutes_March-mtg.pdf.pdf
Haddon Township,haddontwp,Council Member,Lee Palo,,,1,m01272026-APPROVED.pdf.pdf
Haddon Township,haddontwp,Council Member,Marguerite Downham,,,1,April-3-2025.pdf.pdf
Haddon Township,haddontwp,Council Member,Marlene Finizio,,,2,2025_EnviroComm-Minutes_April-mtg.pdf.pdf; 2025_EnviroComm-Minutes_February-mtg.pdf.pdf
Haddon Township,haddontwp,Council Member,Renee Bergmann,,,1,April-3-2025.pdf.pdf
Haddon Township,haddontwp,Council Member,Renee Bermann,,,1,May-1-2025-1.pdf.pdf
Haddon Township,haddontwp,Council Member,Richard Rotz,,,1,April-3-2025.pdf.pdf
Haddon Township,haddontwp,Council Member,Tim Hak,,,1,m01272026-APPROVED.pdf.pdf
Haddon Township,haddontwp,Council Member (Present),Andrew Simpkins,,,1,November-6-2025.pdf.pdf
Haddon Township,haddontwp,Council Member (Present),Chris Jandoli,,,2,April-3-2025.pdf.pdf; November-6-2025.pdf.pdf
Haddon Township,haddontwp,Council Member (Present),Gregory Wells,,,1,April-3-2025.pdf.pdf
Haddon Township,haddontwp,Council Member (Absent),Jose Calves,,,1,April-3-2025.pdf.pdf
Haddon Township,haddontwp,Council Member (Present),Leo McGlynn,,,1,November-6-2025.pdf.pdf
Haddon Township,haddontwp,Council Member (Present),MaryRita D'Alessandro,,,1,April-3-2025.pdf.pdf
Haddon Township,haddontwp,Council Member (Present),Meredith Kirschner,,,2,April-3-2025.pdf.pdf; May-1-2025-1.pdf.pdf
Haddon Township,haddontwp,Council Member (Absent),PJ Mulroy,,,1,2025_EnviroComm-Minutes_March-mtg.pdf.pdf
Haddon Township,haddontwp,Council Member (Excused),Rebecca Sheehan,,,2,2025_EnviroComm-Minutes_April-mtg.pdf.pdf; 2025_EnviroComm-Minutes_February-mtg.pdf.pdf
Hazlet,hazlet,Council Member,Sachs X,,,1,_Minutes_Hazlet.pdf
Hazlet,hazlet,Council Member,Terranova X X,,,1,_Minutes_Hazlet.pdf
Holmdel,holmdel,Mayor,Brian Foster,,,1,_Minutes_Holmdel.pdf
Holmdel,holmdel,Deputy Mayor,Kim LaMountain,,,1,_Minutes_Holmdel.pdf
Holmdel,holmdel,Township Administrator,Frank Allocco,,,1,_Minutes_Holmdel.pdf
Holmdel,holmdel,Township Attorney,Michael Collins,,,1,_Minutes_Holmdel.pdf
Howell,howell,Deputy Mayor,Ian Nadel,,,1,_Minutes_Howell.pdf
Howell,howell,Township Clerk,Diane Festino,,,1,_Minutes_Howell.pdf
Howell,howell,Township Manager,Joseph Clark,,,1,_Minutes_Howell.pdf
Howell,howell,Township Attorney,Caitlin Harney,,,1,_Minutes_Howell.pdf
Howell,howell,Councilwoman,Evelyn O'Donnell,,,1,_Minutes_Howell.pdf
Howell,howell,Councilman,Fred Gasior,,,1,_Minutes_Howell.pdf
Howell,howell,Councilwoman,Susan Fischer,,,1,_Minutes_Howell.pdf
Howell,howell,Council Member,Matthew Howard,,,1,_Minutes_Howell.pdf
Interlaken,interlakenboro,Borough Attorney,Richard Shaklee,,,1,051921.min.pdf.pdf
Moonachie,moonachie,Council Member,Administrator- T. Ciannamea,,,1,_Agenda_Moonachie.pdf
Moonachie,moonachie,Council Member,Attorney- F. Migliorino,,,1,_Agenda_Moonachie.pdf
Morris,morris,Mayor,Donna J. Guariglia,dguariglia@morristwp.com,(973) 326-7430,1,_Minutes_Morris.pdf
Morris,morris,Deputy Mayor,Jeffrey Grayzel,,,1,_Minutes_Morris.pdf
Pompton Lakes,pompton_lakes,Mayor,Michael Serra,mserra@pomptonlakes-nj.gov,(973)610-8306,1,_Minutes_Pompton_Lakes.pdf
Pompton Lakes,pompton_lakes,Councilwoman,Maria Kent,,,1,_Minutes_Pompton_Lakes.pdf
Pompton Lakes,pompton_lakes,Council Member,Councilmen Robert Cruz,,,1,_Minutes_Pompton_Lakes.pdf
Pompton Lakes,pompton_lakes,Council Member,Ekamon Venin,,,1,_Minutes_Pompton_Lakes.pdf
Pompton Lakes,pompton_lakes,Council Member,Jennifer Polidori,,,1,_Minutes_Pompton_Lakes.pdf
Pompton Lakes,pompton_lakes,Council Member,Patrick Quinn,,,1,_Minutes_Pompton_Lakes.pdf
Pompton Lakes,pompton_lakes,Council Member,Ranuel Hinton,,,1,_Minutes_Pompton_Lakes.pdf
Randolph,randolph,Mayor,Christine Carey,,,1,_Minutes_Randolph.pdf
Randolph,randolph,Township Clerk,Donna Luciani,,,1,_Minutes_Randolph.pdf
Randolph,randolph,Township Manager,Evan Covello,,,1,_Minutes_Randolph.pdf
Randolph,randolph,Township Attorney,Edward Buzak,,,1,_Minutes_Randolph.pdf
Randolph,randolph,Council Member (Present),Deborah Smith,,,1,_Minutes_Randolph.pdf
Ridgewood,ridgewood,Council Member,Dianne O'Brien,,,1,_Minutes_Ridgewood.pdf
Ridgewood,ridgewood,Council Member,Fran Barto,,,1,_Minutes_Ridgewood.pdf
Ridgewood,ridgewood,Council Member,John Young,,,1,_Minutes_Ridgewood.pdf
Ridgewood,ridgewood,Council Member,Michael Stern,,,1,_Minutes_Ridgewood.pdf
Ridgewood,ridgewood,Council Member,Richard Joel,,,1,_Minutes_Ridgewood.pdf
Ridgewood,ridgewood,Council Member,Sergio Alegre,,,1,_Minutes_Ridgewood.pdf
Ridgewood,ridgewood,Council Member (Present),Darlene Johnson,,,1,_Minutes_Ridgewood.pdf
Ridgewood,ridgewood,Council Member (Present),Jane Wondergem,,,1,_Minutes_Ridgewood.pdf
Ridgewood,ridgewood,Council Member (Present),Rob Willis,,,1,_Minutes_Ridgewood.pdf
Sparta,sparta,Deputy Mayor,Marjory Murphy,,,1,_Minutes_Sparta.pdf
Sparta,sparta,Council Member,Barbara Koszalka,,,1,_Minutes_Sparta.pdf
Sparta,sparta,Council Member,Chair Kimberly Noel Ted Gall,,,1,_Minutes_Sparta.pdf
Sparta,sparta,Council Member,Christine Dunbar,,,1,_Minutes_Sparta.pdf
Sparta,sparta,Council Member,Kristine Rogers,,,1,_Minutes_Sparta.pdf
Sparta,sparta,Council Member,Landon Tanyeri,,,1,_Minutes_Sparta.pdf
Sparta,sparta,Council Member (Absent),Robert Otto,,,1,_Minutes_Sparta.pdf
Stafford,stafford,Mayor,Robert Henken,rhenken@staffordnj.gov,(609)597-1000 x8640,1,_Agenda_Stafford.pdf
Upper Pittsgrove,upperpittsgrovenj,Mayor,Edward Meschi,,,1,Minutes-4-13-21.pdf.pdf
Upper Pittsgrove,upperpittsgrovenj,Council Member (Present),Barry Foote,,,1,Minutes-4-13-21.pdf.pdf
Upper Pittsgrove,upperpittsgrovenj,Council Member (Present),Brian Coles,,,1,Minutes-4-13-21.pdf.pdf
Upper Pittsgrove,upperpittsgrovenj,Council Member (Present),Michael J. Seery,,,1,Minutes-4-13-21.pdf.pdf
Upper Pittsgrove,upperpittsgrovenj,Council Member (Present),Susan DeFrancesco,,,1,Minutes-4-13-21.pdf.pdf
Westwood,westwood,Mayor,Raymond Arroyo,,,1,_Minutes_Westwood.pdf
Westwood,westwood,Council Member,Ann Costello,,,1,_Minutes_Westwood.pdf
Westwood,westwood,Council Member,Anthony Zorovich,,,1,_Minutes_Westwood.pdf
Westwood,westwood,Council Member,Dan Olivier,,,1,_Minutes_Westwood.pdf
Westwood,westwood,Council Member,Keith Doell,,,1,_Minutes_Westwood.pdf
Westwood,westwood,Council Member,Lauren Letizia,,,1,_Minutes_Westwood.pdf
Westwood,westwood,Council Member,William Martin,,,1,_Minutes_Westwood.pdf
Westwood,westwood,Staff,By Steven Paul,,,1,_Minutes_Westwood.pdf
Westwood,westwood,Staff,"Thomas Randall, Esq",,,1,_Minutes_Westwood.pdf
Westwood,westwood,Council Member (Present),Jaymee Hodges,,,1,_Minutes_Westwood.pdf
